SET SQL_MODE = "NO_AUTO_VALUE_ON_ZERO";
SET AUTOCOMMIT = 0;
START TRANSACTION;
SET time_zone = "+00:00";

INSERT INTO `instansi_pemerintah` (`id`, `nama`, `jenis`, `id_provinces`, `id_regencies`, `logo`, `updated_at`) VALUES
(10, 'Pemerintah Provinsi Jawa Barat', 'Provinsi', '32', NULL, 'Logo Provinsi Jawa Barat png.PNG', '2018-08-12 15:23:48'),
(13, 'Pemerintah Provinsi D.I. Yogyakarta', 'Provinsi', '34', NULL, 'Daerah_Istimewa_Jogjakarta-logo-19A73BFE95-seeklogo.com.png', '2018-08-12 15:17:07'),
(14, 'Pemerintah Provinsi Sulawesi Utara', 'Provinsi', '71', NULL, 'Coat_of_arms_of_North_Sulawesi.svg.png', '2018-08-12 15:21:10'),
(15, 'Pemerintah Provinsi Bali', 'Provinsi', '51', NULL, 'ee916-logo_provinsi-bali.png', '2018-08-12 15:29:32'),
(16, 'Kementerian Pekerjaan Umum dan Perumahan Rakyat', 'Kementerian', NULL, NULL, 'logo PU.png', '2018-08-12 15:33:00'),
(17, 'Kementerian Keuangan', 'Kementerian', NULL, NULL, 'Logo_kementerian_keuangan_republik_indonesia.png', '2018-08-12 15:52:45'),
(18, 'Pemerintah Provinsi Jawa Timur', 'Provinsi', '35', NULL, 'coat-of-arms-of-east-java.png', '2018-08-12 15:55:16'),
(19, 'Badan Pengawasan Keuangan dan Pembangunan', 'Lembaga', NULL, NULL, 'index.png', '2018-08-12 16:00:28'),
(20, 'Kementerian PPN/Bappenas', 'Kementerian', NULL, NULL, 'Logo_Bappenas_Indonesia_(National_Development_Planning_Agency).png', '2018-08-12 16:02:33'),
(21, 'Pemerintah Provinsi Riau', 'Provinsi', '14', NULL, 'Coat_of_arms_of_Riau.svg.png', '2018-08-12 16:57:38'),
(22, 'Pemerintah Provinsi Jawa Tengah', 'Provinsi', '33', NULL, 'Logo Prov Jateng.png', '2018-08-12 17:00:21'),
(23, 'Pemerintah Provinsi DKI Jakarta', 'Provinsi', '31', NULL, '220px-Coat_of_arms_of_Jakarta.svg.png', '2018-08-12 17:03:58'),
(24, 'Kementerian Dalam Negeri Indonesia', 'Kementerian', NULL, NULL, NULL, NULL),
(25, 'Kementerian Luar Negeri Indonesia', 'Kementerian', NULL, NULL, NULL, NULL),
(26, 'Kementerian Pertahanan Indonesia', 'Kementerian', NULL, NULL, NULL, NULL),
(27, 'Kementerian Hukum dan Hak Asasi Manusia Indonesia', 'Kementerian', NULL, NULL, NULL, NULL),
(28, 'Kementerian Energi dan Sumber Daya Mineral Indonesia', 'Kementerian', NULL, NULL, NULL, NULL),
(29, 'Kementerian Perindustrian Indonesia', 'Kementerian', NULL, NULL, NULL, NULL),
(30, 'Kementerian Perdagangan Indonesia', 'Kementerian', NULL, NULL, NULL, NULL),
(31, 'Kementerian Pertanian Indonesia', 'Kementerian', NULL, NULL, NULL, NULL),
(32, 'Kementerian Lingkungan Hidup dan Kehutanan Indonesia', 'Kementerian', NULL, NULL, NULL, NULL),
(33, 'Kementerian Perhubungan Indonesia', 'Kementerian', NULL, NULL, NULL, NULL),
(34, 'Kementerian Kelautan dan Perikanan Indonesia', 'Kementerian', NULL, NULL, NULL, NULL),
(35, 'Kementerian Ketenagakerjaan Indonesia', 'Kementerian', NULL, NULL, NULL, NULL),
(36, 'Kementerian Kesehatan Indonesia', 'Kementerian', NULL, NULL, NULL, NULL),
(37, 'Kementerian Pendidikan dan Kebudayaan Indonesia', 'Kementerian', NULL, NULL, NULL, NULL),
(38, 'Kementerian Riset, Teknologi dan Pendidikan Tinggi Indonesia', 'Kementerian', NULL, NULL, NULL, NULL),
(39, 'Kementerian Sosial Indonesia', 'Kementerian', NULL, NULL, NULL, NULL),
(40, 'Kementerian Agama Indonesia', 'Kementerian', NULL, NULL, NULL, NULL),
(41, 'Kementerian Komunikasi dan Informatika Indonesia', 'Kementerian', NULL, NULL, NULL, NULL),
(42, 'Kementerian Desa, Pembangunan Daerah Tertinggal, dan Transmigrasi Indonesia', 'Kementerian', NULL, NULL, NULL, NULL),
(43, 'Kementerian Agraria dan Tata Ruang Indonesia', 'Kementerian', NULL, NULL, NULL, NULL),
(44, 'Kementerian Sekretariat Negara Indonesia', 'Kementerian', NULL, NULL, NULL, NULL),
(45, 'Kementerian Koperasi dan Usaha Kecil dan Menengah Indonesia', 'Kementerian', NULL, NULL, NULL, NULL),
(46, 'Kementerian Pemberdayaan Perempuan dan Perlindungan Anak Indonesia', 'Kementerian', NULL, NULL, NULL, NULL),
(47, 'Kementerian Pendayagunaan Aparatur Negara dan Reformasi Birokrasi Indonesia', 'Kementerian', NULL, NULL, NULL, NULL),
(48, 'Kementerian Badan Usaha Milik Negara Indonesia', 'Kementerian', NULL, NULL, NULL, NULL),
(49, 'Kementerian Pemuda dan Olahraga Indonesia', 'Kementerian', NULL, NULL, NULL, NULL),
(50, 'Kementerian Pariwisata Indonesia', 'Kementerian', NULL, NULL, NULL, NULL),
(51, 'Kementerian Koordinator Bidang Politik, Hukum, dan Keamanan Indonesia', 'Kementerian', NULL, NULL, NULL, NULL),
(52, 'Kementerian Koordinator Bidang Perekonomian Indonesia', 'Kementerian', NULL, NULL, NULL, NULL),
(53, 'Kementerian Koordinator Bidang Pembangunan Manusia dan Kebudayaan', 'Kementerian', NULL, NULL, NULL, NULL),
(54, 'Kementerian Koordinator Bidang Kemaritiman Indonesia', 'Kementerian', NULL, NULL, NULL, NULL),
(55, 'Arsip Nasional Republik Indonesia (ANRI)', 'Lembaga', NULL, NULL, NULL, NULL),
(56, 'Badan Ekonomi Kreatif (BEKRAF)', 'Lembaga', NULL, NULL, NULL, NULL),
(57, 'Badan Informasi Geospasial (BIG)', 'Lembaga', NULL, NULL, NULL, NULL),
(58, 'Badan Intelijen Negara (BIN)', 'Lembaga', NULL, NULL, NULL, NULL),
(59, 'Badan Keamanan Laut Republik Indonesia (Bakamla)', 'Lembaga', NULL, NULL, NULL, '2018-10-09 08:01:01'),
(60, 'Badan Kepegawaian Negara (BKN)', 'Lembaga', NULL, NULL, NULL, NULL),
(61, 'Badan Kependudukan dan Keluarga Berencana Nasional (BKKBN)', 'Lembaga', NULL, NULL, NULL, NULL),
(62, 'Badan Koordinasi Penanaman Modal (BKPM)', 'Lembaga', NULL, NULL, NULL, NULL),
(63, 'Badan Meteorologi, Klimatologi, dan Geofisika (BMKG)', 'Lembaga', NULL, NULL, NULL, NULL),
(64, 'Badan Narkotika Nasional (BNN)', 'Lembaga', NULL, NULL, NULL, NULL),
(65, 'Badan Nasional Penanggulangan Bencana (BNPB)', 'Lembaga', NULL, NULL, NULL, NULL),
(66, 'Badan Nasional Penanggulangan Terorisme (BNPT)', 'Lembaga', NULL, NULL, NULL, NULL),
(67, 'Badan Nasional Penempatan dan Perlindungan Tenaga Kerja Indonesia (BNP2TKI)', 'Lembaga', NULL, NULL, NULL, NULL),
(68, 'Badan Pengawas Tenaga Nuklir (Bapeten)', 'Lembaga', NULL, NULL, NULL, NULL),
(69, 'Badan Pengawasan Obat dan Makanan (BPOM)', 'Lembaga', NULL, NULL, NULL, NULL),
(70, 'Badan Pengkajian dan Penerapan Teknologi (BPPT)', 'Lembaga', NULL, NULL, NULL, NULL),
(71, 'Badan Perencanaan Pembangunan Nasional (Bappenas)', 'Lembaga', NULL, NULL, NULL, NULL),
(72, 'Badan Pertanahan Nasional (BPN)', 'Lembaga', NULL, NULL, NULL, NULL),
(73, 'Badan Pusat Statistik (BPS)', 'Lembaga', NULL, NULL, NULL, NULL),
(74, 'Badan SAR Nasional (Basarnas)', 'Lembaga', NULL, NULL, NULL, NULL),
(75, 'Badan Siber dan Sandi Negara (BSSN)', 'Lembaga', NULL, NULL, NULL, NULL),
(76, 'Badan Standardisasi Nasional (BSN)', 'Lembaga', NULL, NULL, NULL, NULL),
(77, 'Badan Tenaga Nuklir Nasional (Batan)', 'Lembaga', NULL, NULL, NULL, NULL),
(78, 'Lembaga Administrasi Negara (LAN)', 'Lembaga', NULL, NULL, NULL, NULL),
(79, 'Lembaga Ilmu Pengetahuan Indonesia (LIPI)', 'Lembaga', NULL, NULL, NULL, NULL),
(80, 'Lembaga Kebijakan Pengadaan Barang/Jasa Pemerintah (LKPP)', 'Lembaga', NULL, NULL, NULL, NULL),
(81, 'Lembaga Ketahanan Nasional (Lemhanas)', 'Lembaga', NULL, NULL, NULL, NULL),
(82, 'Lembaga Penerbangan dan Antariksa Nasional (Lapan)', 'Lembaga', NULL, NULL, NULL, NULL),
(83, 'Perpustakaan Nasional Republik Indonesia (Perpusnas)', 'Lembaga', NULL, NULL, NULL, NULL),
(84, 'Akademi Ilmu Pengetahuan Indonesia', 'Lembaga', NULL, NULL, NULL, NULL),
(85, 'Badan Amil Zakat Nasional', 'Lembaga', NULL, NULL, NULL, NULL),
(86, 'Badan Koordinasi Nasional Penyuluhan Pertanian, Perikanan dan Kehutanan', 'Lembaga', NULL, NULL, NULL, NULL),
(87, 'Badan Koordinasi Pemberantasan Rupiah Palsu', 'Lembaga', NULL, NULL, NULL, NULL),
(88, 'Badan Koordinasi Penyuluhan', 'Lembaga', NULL, NULL, NULL, NULL),
(89, 'Badan Nasional Pengelola Perbatasan', 'Lembaga', NULL, NULL, NULL, NULL),
(90, 'Badan Nasional Sertifikasi Profesi', 'Lembaga', NULL, NULL, NULL, NULL),
(91, 'Badan Olahraga Profesional', 'Lembaga', NULL, NULL, NULL, NULL),
(92, 'Badan Otorita Danau Toba', 'Lembaga', NULL, NULL, NULL, NULL),
(93, 'Badan Pelaksana Pengelola Masjid Istiqlal', 'Lembaga', NULL, NULL, NULL, NULL),
(94, 'Badan Pendukung Pengembangan Sistem Penyediaan Air Minum', 'Lembaga', NULL, NULL, NULL, NULL),
(95, 'Badan Pengatur Hilir Minyak dan Gas', 'Lembaga', NULL, NULL, NULL, NULL),
(96, 'Badan Pengawas Pemilihan Umum', 'Lembaga', NULL, NULL, NULL, NULL),
(97, 'Badan Pengawas Rumah Sakit', 'Lembaga', NULL, NULL, NULL, NULL),
(98, 'Badan Pengelola Keuangan Haji', 'Lembaga', NULL, NULL, NULL, NULL),
(99, 'Badan Pengembangan Wilayah Surabaya - Madura', 'Lembaga', NULL, NULL, NULL, NULL),
(100, 'Badan Pengusahaan Kawasan Perdagangan Bebas dan Pelabuhan Bebas Batam', 'Lembaga', NULL, NULL, NULL, NULL),
(101, 'Badan Pengusahaan Kawasan Perdagangan Bebas dan Pelabuhan Bebas Bintan', 'Lembaga', NULL, NULL, NULL, NULL),
(102, 'Badan Pengusahaan Kawasan Perdagangan Bebas dan Pelabuhan Bebas Karimun', 'Lembaga', NULL, NULL, NULL, NULL),
(103, 'Badan Pengusahaan Kawasan Perdagangan Bebas dan Pelabuhan Bebas Sabang', 'Lembaga', NULL, NULL, NULL, NULL),
(104, 'Badan Perfilman Indonesia', 'Lembaga', NULL, NULL, NULL, NULL),
(105, 'Badan Perlindungan Konsumen Nasional', 'Lembaga', NULL, NULL, NULL, NULL),
(106, 'Badan Pertimbangan Kepegawaian', 'Lembaga', NULL, NULL, NULL, NULL),
(107, 'Badan Pertimbangan Kesehatan Nasional', 'Lembaga', NULL, NULL, NULL, NULL),
(108, 'Badan Pertimbangan Perfilman Nasional', 'Lembaga', NULL, NULL, NULL, NULL),
(109, 'Badan Promosi Pariwisata Indonesia', 'Lembaga', NULL, NULL, NULL, NULL),
(110, 'Badan Regulasi Telekomunikasi Indonesia', 'Lembaga', NULL, NULL, NULL, NULL),
(111, 'Badan Restorasi Gambut', 'Lembaga', NULL, NULL, NULL, NULL),
(112, 'Badan Standarisasi dan Akreditasi Nasional Keolahragaan', 'Lembaga', NULL, NULL, NULL, NULL),
(113, 'Dewan Energi Nasional', 'Lembaga', NULL, NULL, NULL, NULL),
(114, 'Dewan Gelar, Tanda Jasa, dan Tanda Kehormatan', 'Lembaga', NULL, NULL, NULL, NULL),
(115, 'Dewan Insinyur Indonesia', 'Lembaga', NULL, NULL, NULL, NULL),
(116, 'Dewan Jaminan Sosial Nasional', 'Lembaga', NULL, NULL, NULL, NULL),
(117, 'Dewan Kawasan Perdagangan Bebas dan Pelabuhan Bebas Batam', 'Lembaga', NULL, NULL, NULL, NULL),
(118, 'Dewan Kawasan Perdagangan Bebas dan Pelabuhan Bebas Bintan', 'Lembaga', NULL, NULL, NULL, NULL),
(119, 'Dewan Kawasan Perdagangan Bebas dan Pelabuhan Bebas Karimun', 'Lembaga', NULL, NULL, NULL, NULL),
(120, 'Dewan Ketahanan Nasional', 'Lembaga', NULL, NULL, NULL, NULL),
(121, 'Dewan Ketahanan Pangan', 'Lembaga', NULL, NULL, NULL, NULL),
(122, 'Dewan Koperasi Indonesia', 'Lembaga', NULL, NULL, NULL, NULL),
(123, 'Dewan Nasional Kawasan Ekonomi Khusus', 'Lembaga', NULL, NULL, NULL, NULL),
(124, 'Dewan Pengupahan Nasional', 'Lembaga', NULL, NULL, NULL, NULL),
(125, 'Dewan Pers', 'Lembaga', NULL, NULL, NULL, NULL),
(126, 'Dewan Pertimbangan Otonomi Daerah', 'Lembaga', NULL, NULL, NULL, NULL),
(127, 'Dewan Pertimbangan Presiden', 'Lembaga', NULL, NULL, NULL, NULL),
(128, 'Dewan Riset Nasional', 'Lembaga', NULL, NULL, NULL, NULL),
(129, 'Dewan Sumber Daya Air Nasional', 'Lembaga', NULL, NULL, NULL, NULL),
(130, 'Dewan Teknologi Informasi dan Komunikasi Nasional', 'Lembaga', NULL, NULL, NULL, NULL),
(131, 'Kantor Staf Presiden', 'Lembaga', NULL, NULL, NULL, NULL),
(132, 'Komisi Aparatur Sipil Negara', 'Lembaga', NULL, NULL, NULL, NULL),
(133, 'Komisi Banding Merek', 'Lembaga', NULL, NULL, NULL, NULL),
(134, 'Komisi Banding Paten', 'Lembaga', NULL, NULL, NULL, NULL),
(135, 'Komisi Informasi', 'Lembaga', NULL, NULL, NULL, NULL),
(136, 'Komisi Kejaksaan', 'Lembaga', NULL, NULL, NULL, NULL),
(137, 'Komisi Kepolisian Nasional', 'Lembaga', NULL, NULL, NULL, NULL),
(138, 'Komisi Nasional Anti Kekerasan Terhadap Perempuan', 'Lembaga', NULL, NULL, NULL, NULL),
(139, 'Komisi Nasional Hak Asasi Manusia', 'Lembaga', NULL, NULL, NULL, NULL),
(140, 'Komisi Nasional Lanjut Usia', 'Lembaga', NULL, NULL, NULL, NULL),
(141, 'Komisi Pemberantasan Korupsi', 'Lembaga', NULL, NULL, NULL, NULL),
(142, 'Komisi Pemilihan Umum', 'Lembaga', NULL, NULL, NULL, NULL),
(143, 'Komisi Penanggulangan AIDS Nasional', 'Lembaga', NULL, NULL, NULL, NULL),
(144, 'Komisi Pengawas Haji Indonesia', 'Lembaga', NULL, NULL, NULL, NULL),
(145, 'Komisi Pengawas Persaingan Usaha', 'Lembaga', NULL, NULL, NULL, NULL),
(146, 'Komisi Penyiaran Indonesia', 'Lembaga', NULL, NULL, NULL, NULL),
(147, 'Komisi Penyuluhan Nasional', 'Lembaga', NULL, NULL, NULL, NULL),
(148, 'Komisi Perlindungan Anak Indonesia', 'Lembaga', NULL, NULL, NULL, NULL),
(149, 'Komite Akreditasi Nasional', 'Lembaga', NULL, NULL, NULL, NULL),
(150, 'Komite Anti Dumping Indonesia', 'Lembaga', NULL, NULL, NULL, NULL),
(151, 'Komite Ekonomi Industri Nasional', 'Lembaga', NULL, NULL, NULL, NULL),
(152, 'Komite Industri Nasional', 'Lembaga', NULL, NULL, NULL, NULL),
(153, 'Komite Kebijakan Industri Pertahanan', 'Lembaga', NULL, NULL, NULL, NULL),
(154, 'Komite Kebijakan Percepatan Penyediaan Infrastruktur', 'Lembaga', NULL, NULL, NULL, NULL),
(155, 'Komite Kebijakan Pembiayaan Bagi Usaha Mikro, Kecil, dan Menengah', 'Lembaga', NULL, NULL, NULL, NULL),
(156, 'Komite Nasional Keamanan Penerbangan', 'Lembaga', NULL, NULL, NULL, NULL),
(157, 'Komite Nasional Keselamatan Transportasi', 'Lembaga', NULL, NULL, NULL, NULL),
(158, 'Komite Nasional Keuangan Syariah', 'Lembaga', NULL, NULL, NULL, NULL),
(159, 'Komite Nasional Persiapan Pelaksanaan Masyarakat Ekonomi ASEAN', 'Lembaga', NULL, NULL, NULL, NULL),
(160, 'Komite Pengamanan Perdagangan Indonesia', 'Lembaga', NULL, NULL, NULL, NULL),
(161, 'Komite Percepatan dan Perluasan Pembangunan Ekonomi Indonesia', 'Lembaga', NULL, NULL, NULL, NULL),
(162, 'Komite Perdagangan Nasional', 'Lembaga', NULL, NULL, NULL, NULL),
(163, 'Komite Profesi Akuntan Publik', 'Lembaga', NULL, NULL, NULL, NULL),
(164, 'Komite Privatisasi Perusahaan Perseroan', 'Lembaga', NULL, NULL, NULL, NULL),
(165, 'Komite Nasional Pengendalian Flu Burung (Avian Influenza) dan Kesiapsiagaan Menghadapi Pandemi Influenza', 'Lembaga', NULL, NULL, NULL, NULL),
(166, 'Komite Nasional Prakarsa Segitiga Karang Untuk Terumbu Karang, Perikanan, dan Ketahanan Pangan', 'Lembaga', NULL, NULL, NULL, NULL),
(167, 'Komite Olah Raga Nasional Indonesia', 'Lembaga', NULL, NULL, NULL, NULL),
(168, 'Komite Percepatan Penyediaan Infrastruktur Prioritas', 'Lembaga', NULL, NULL, NULL, NULL),
(169, 'Komite Privatisasi Perusahaan Perseroan', 'Lembaga', NULL, NULL, NULL, NULL),
(170, 'Komite Standar Akuntansi Pemerintahan', 'Lembaga', NULL, NULL, NULL, NULL),
(171, 'Komite Standar Nasional untuk Satuan Ukuran', 'Lembaga', NULL, NULL, NULL, NULL),
(172, 'Konsil Kedokteran Indonesia', 'Lembaga', NULL, NULL, NULL, NULL),
(173, 'Lembaga Kerja Sama Tripartit', 'Lembaga', NULL, NULL, NULL, NULL),
(174, 'Lembaga Perlindungan Saksi dan Korban', 'Lembaga', NULL, NULL, NULL, NULL),
(175, 'Lembaga Produktivitas Nasional', 'Lembaga', NULL, NULL, NULL, NULL),
(176, 'Lembaga Sensor Film', 'Lembaga', NULL, NULL, NULL, NULL),
(177, 'Majelis Disiplin Tenaga Kesehatan', 'Lembaga', NULL, NULL, NULL, NULL),
(178, 'Majelis Pertimbangan Tenaga Nuklir', 'Lembaga', NULL, NULL, NULL, NULL),
(179, 'Ombudsman Republik Indonesia', 'Lembaga', NULL, NULL, NULL, NULL),
(180, 'Otoritas Jasa Keuangan', 'Lembaga', NULL, NULL, NULL, NULL),
(181, 'Pusat Pelaporan dan Analisis Transaksi Keuangan', 'Lembaga', NULL, NULL, NULL, NULL),
(182, 'Satuan Kerja Khusus Pelaksana Kegiatan Usaha Hulu Minyak dan Gas Bumi', 'Lembaga', NULL, NULL, NULL, NULL),
(183, 'Tim Nasional Percepatan Penanggulangan Kemiskinan', 'Lembaga', NULL, NULL, NULL, NULL),
(184, 'Unit Kerja Presiden Pembinaan Ideologi Pancasila', 'Lembaga', NULL, NULL, NULL, NULL);

ALTER TABLE `instansi_pemerintah`
  MODIFY `id` int(11) NOT NULL AUTO_INCREMENT, AUTO_INCREMENT=185;


SET SQL_MODE = "NO_AUTO_VALUE_ON_ZERO";
SET AUTOCOMMIT = 0;
START TRANSACTION;
SET time_zone = "+00:00";

INSERT INTO `user` (`id`, `username`, `name`, `email`, `phone`, `auth_key`, `password_hash`, `password_reset_token`, `status`, `created_at`, `updated_at`) VALUES
(4, 'kasn-lian', 'Lian Ifandri', 'lian.ifandri@gmail.com', '081221689237', 'GxfuBv73JJP_H2M11GMroaT9AJNokAfa', '$2y$13$6ISIMPjMz2ilR1d5B35Pbu8KhXrTt/Ncdho9DqDO0zOVeJPjAt27C', NULL, '1', '2017-07-26 16:55:00', '2018-10-09 09:27:06'),
(11, 'bkd-diy-prov', 'Lian Ifandri', 'pradana@gmail.com', '081632358784', 'dL9-HtezrgdRE14bm9HbnwRl8ewG8u4y', '$2y$13$5/BgwcCWVy5NRUp0EqcHJuwqzVfo7IZpV7kq5eBY88LPjGTidb/g2', NULL, '1', '2018-08-12 15:17:07', '2018-08-12 15:17:07'),
(12, 'bkd-sulut-prov', 'Fandy Pradana', 'fandy.pradana@gmail.com', '08123456789', '1HX1xTIRs_NaHpG49U0Wh8Ft8DAnDM1I', '$2y$13$Cp3S9evcrqLvlBK9kKvqfOU9m.oIMMtH9hp5fhO3W2rHOa5CptWPG', NULL, '1', '2018-08-12 15:21:10', '2018-08-12 15:21:10'),
(13, 'bkd-jabar-prov', 'Lian Ifandri', 'a@gmail.com', '08123456789', 'zMorIM1QemA-OO8n5xZNSKMYBa1UzW27', '$2y$13$.VnC.CrrV2VxXdZ44HJsxeXozqrJ8HH.37eH/.aU1.2pjUBSAoFxu', NULL, '1', '2018-08-12 15:23:48', '2018-08-12 15:23:48'),
(14, 'bkd-bali-prov', 'Septiana Dwiputrianti', 'septiana@gmail.com', '08123456789', 'qM8ABFoYXUZ0kBgKasqmkvN0Ps8KRUTE', '$2y$13$oFMiNzwSbEWPO5nwiN4jMOQO741cq2oQ62kGegfvcOKUpOQ1Mt2qa', NULL, '1', '2018-08-12 15:29:31', '2018-08-12 15:29:31'),
(15, 'kemenpupr', 'Rifki Juniarto', 'rifki@gmail.com', '123456789', 'KRNhNRqvnzKwfYb0f2eExh9x-r8yxCy0', '$2y$13$vEkuLwy9K8hYdHOkst2J/eFHx370.CCwHAeWF4s9aZUsoEH.xguc6', NULL, '1', '2018-08-12 15:33:00', '2018-08-12 15:33:00'),
(16, 'kemenkeu', 'Syaugi Muhammad', 'syaugi@gmail.com', '08123456789', '5M_TvJNKgxp84SOZ1MfDV7GPOsBhtFWH', '$2y$13$0i.Nv6c6SxV19XWNiVwVPucMXZn1jV9dsSP.FKqQ6e/VvZkJoJQLG', NULL, '1', '2018-08-12 15:52:45', '2018-08-12 15:52:45'),
(17, 'bkd-prov-jatim', 'Della Damayanti', 'delldam@gmail.com', '08123456789', '1jw__cnUwmxamFRxFb3Ga3YpHMQNdR45', '$2y$13$x2dEqQEM11yKddFyWTCAYOwGD7UX90ikzt.MvLlkaNd46Se/mqtDW', NULL, '1', '2018-08-12 15:55:16', '2018-10-10 07:03:28'),
(18, 'bpkp', 'Anggara Hayun Anujuprana', 'hayun@gmail.com', '08123456789', 'OqzRUwbcgrJTK9rHm3vx8wZBgJBMbOf0', '$2y$13$Qix5kANmKctqjQRwzNoeverOs8cwTirYnTfmlFw.sNb1T6a3Gu/R6', NULL, '1', '2018-08-12 15:58:46', '2018-08-12 15:58:46'),
(19, 'bappenas', 'Lian Ifandri', 'lian_ifandri@gmail.com', '08123456789', 'h6JfneZKsUH920a_WtdJh0J9h9hA-t31', '$2y$13$XiAsLB6xaxTipocW7HkLvuegeBnW3LV3s610yS2wmoaNLKkFfrD3m', NULL, '1', '2018-08-12 16:02:33', '2018-08-12 16:02:33'),
(20, 'bkd-riau-prov', 'Nuraida Mokhsen', 'ida@gmail.com', '08123456789', 'JsvFLWdVpdn0B4M-6_QuqJxdJkdBSalK', '$2y$13$jrszVABX80laURdEYMgj2.XmAkmZc45ws9yXVw4k2cgMpMNFtTXci', NULL, '1', '2018-08-12 16:57:38', '2018-08-12 16:57:38'),
(21, 'bkd-jateng-prov', 'Lian Ifandri', 'c@gmail.com', '08123456789', 'PiwzR5KAU1bVxKBsOBfeNFMDFhG-Gh80', '$2y$13$F43M6xbJQZx9OI47J06jgeBI8HrMWFO6Q.9vfpFXDVga/A5ByyVJu', NULL, '1', '2018-08-12 17:00:21', '2018-08-12 17:00:21'),
(22, 'bkd-jakarta-prov', 'Lian Ifandri', 'b@gmail.com', '08123456789', 'fv54FllAyjdKP1xJPCJoJaKLhI-Fgf35', '$2y$13$sjwTGy4IT/SQui1O2MJVj.hgZ8Vmgef1oR3vMC8TdSGRz6LWBFmfW', NULL, '1', '2018-08-12 17:03:58', '2018-08-12 17:03:58'),
(23, 'kasn-ida', 'Nuraida Mokhsen', 'idamokhsen@gmail.com', '0817768200', 'XOuTHqI2Ps2GUOdQw2JM9LpASGXXHo8C', '$2y$13$cqEOAHOP1fGcSGRKT8Jh7eccIIGSh4lruB1y0f/ncX8LB2gU0R1Xy', NULL, '1', '2018-10-09 09:09:57', '2018-10-09 09:14:20'),
(24, 'minda', '123', 'admin@admin.com', '08123456', '3sv8ui_fnY_7qT7Z_RRCARGmLMXcSLb9', '$2y$13$1BK2tugiktcw31YHuARU.uHgK4bZvHiXVOg8XnBonbuzLKIVikHFi', NULL, '1', '2018-11-12 13:02:34', '2018-11-12 13:02:34'),
(25, 'pentest', 'pentest', 'pentest@gmai.com', '082121', 'TT-egx__T0cT-7MHAmoLBIz_g8QfMXgU', '$2y$13$/1v44Ev2JAdwOl8qzJJmrOXTBWD9H6RoxQD0maxF.rbfC2bYaXdMi', NULL, '1', '2018-11-19 02:39:06', '2018-11-19 02:39:06');

ALTER TABLE `user`
  MODIFY `id` int(11) NOT NULL AUTO_INCREMENT, AUTO_INCREMENT=26;
COMMIT;

SET SQL_MODE = "NO_AUTO_VALUE_ON_ZERO";
SET AUTOCOMMIT = 0;
START TRANSACTION;
SET time_zone = "+00:00";

INSERT INTO `user_instansi_pemerintah` (`id_user`, `id_instansi_pemerintah`, `jabatan_di_instansi`, `jabatan_di_sk`) VALUES
(11, 13, NULL, NULL),
(12, 14, NULL, NULL),
(13, 10, NULL, NULL),
(14, 15, NULL, NULL),
(15, 16, NULL, NULL),
(16, 17, NULL, NULL),
(17, 18, NULL, NULL),
(18, 19, NULL, NULL),
(19, 20, NULL, NULL),
(20, 21, NULL, NULL),
(21, 22, NULL, NULL),
(22, 23, NULL, NULL);

SET SQL_MODE = "NO_AUTO_VALUE_ON_ZERO";
SET AUTOCOMMIT = 0;
START TRANSACTION;
SET time_zone = "+00:00";

INSERT INTO `user_kasn` (`id_user`, `jabatan_di_kasn`, `jabatan_di_sk`) VALUES
(3, 'Asisten Bidang Pengembangan Sistem', 'Koordinator'),
(4, 'Staf Pengembangan Sistem', 'Anggota'),
(23, 'Komisioner Bidang Pengkajian dan Pengembangan Sistem', 'Pengarah'),
(24, 'senior', 'senior'),
(25, 'Pentster', 'pentest');

SET SQL_MODE = "NO_AUTO_VALUE_ON_ZERO";
SET AUTOCOMMIT = 0;
START TRANSACTION;
SET time_zone = "+00:00";

INSERT INTO `auth_assignment` (`item_name`, `user_id`, `created_at`) VALUES
('instansi-pemerintah', '10', 1534076462),
('instansi-pemerintah', '11', 1534087027),
('instansi-pemerintah', '12', 1534087270),
('instansi-pemerintah', '13', 1534087428),
('instansi-pemerintah', '14', 1534087771),
('instansi-pemerintah', '15', 1534087980),
('instansi-pemerintah', '16', 1534089165),
('instansi-pemerintah', '17', 1534089316),
('instansi-pemerintah', '18', 1534089526),
('instansi-pemerintah', '19', 1534089753),
('instansi-pemerintah', '2', 1533290507),
('instansi-pemerintah', '20', 1534093058),
('instansi-pemerintah', '21', 1534093221),
('instansi-pemerintah', '22', 1534093438),
('instansi-pemerintah', '7', 1532492899),
('instansi-pemerintah', '8', 1533615637),
('kasn', '23', 1539076460),
('kasn', '24', 1542027754),
('kasn', '25', 1542595146),
('kasn', '3', 1539072972),
('kasn', '4', 1539077226),
('kasn', '5', 1532422844),
('kasn', '6', 1532421368),
('kasn', '9', 1534060749);
